NO CLIENTE,NÚMERO DE PEDIDO,NOMBRE DEL CLIENTE,FECHA DE ENVÍO,FLETERA,NÚMERO DE GUÍA,COSTO DE LA GUÍA,PROMESA DE ENTREGA,FECHA DE ENTREGA REAL,DESTINO,CANTIDAD DE CAJAS,COMENTARIOS
C02016,232122,CITY EXPRESS ZACATECAS (CEZCL),08/12/2025,TRES GUERRAS,GLZ02730928,1080,11/12/2025,09/12/2025,"ZACATECAS, ZAC.",18,Sin Incidencias
C06338,232124,LA MARTINE 619,08/12/2025,TRES GUERRAS,GLZ02730946,300,10/12/2025,10/12/2025,"POLANCO V SECCION, CMX.",5,Sin Incidencias
C07253,232125,CITY EXPRESS ROSARITO (CEROS),09/12/2025,TRES GUERRAS,GLZ02733333,712,14/12/2025,13/12/2025,"PLAYAS DE ROSARITO, BC.",8,Sin Incidencias
C01712,232126,CITY EXPRESS CIUDAD JUAREZ(CECJS) / JIPJUA,09/12/2025,TRES GUERRAS,GLZ02733330,1780,14/12/2025,16/12/2025,"JUAREZ, CHI.",20,Sin Incidencias
C01915,232128,COURTYARD TUXPAN,09/12/2025,ONE,JALGDL 237780,1411,13/12/2025,12/12/2025,"TUXPAN, VER.",15,Sin Incidencias
C08334,232131,AVID FRESNILLO (ZCLAV),09/12/2025,TRES GUERRAS,GLZ02733357,400,12/12/2025,10/12/2025,"FRESNILLO, ZAC.",4,Sin Incidencias
C07058,232132,FAIRFIELD INN AND SUITES SILAO,09/12/2025,TRES GUERRAS,GLZ02733339,420,11/12/2025,12/12/2025,"SILAO, GTO.",7,Sin Incidencias
C03485,232134,COURTYARD MARRIOTT SAN JERONIMO 9392Y,09/12/2025,ONE,JALGDL 237772,2474,11/12/2025,17/12/2025,"MONTERREY, NL.",49,Sin Incidencias
C03306,232135,HOTEL NEKIE,09/12/2025,TINY PACK,GDL 42489,374.83,11/12/2025,12/12/2025,"TEPIC, NAY.",7,Sin Incidencias
C08489,232136,DECAMERON LOS COCOS,09/12/2025,SANCHEZ,2838180,2316.78,11/12/2025,11/12/2025,"RINCON DE GUAYABITOS, NAY.",57,Sin Incidencias
C08447,232137,DECAMERON COMPLEX A0157904,09/12/2025,SANCHEZ,2838181,3984.67,11/12/2025,11/12/2025,"Bucerias, NAY.",100,Sin Incidencias
C09523,232138,HOTEL MISION XALAPA,09/12/2025,TRES GUERRAS,GLZ02733350,890,13/12/2025,16/12/2025,"XALAPA, VER.",10,Sin Incidencias
C00464,232139,QUALITY INN CD OBREGON (143212),12/12/2025,TINY PACK,GDL 43099,157.6,16/12/2025,16/12/2025,"CIUDAD OBREGON, SON.",7,Sin Incidencias
C00607,232140,HOLIDAY INN MONTERREY NORTE (MTYMX),09/12/2025,ONE,JALGDL 237771,754.1,12/12/2025,17/12/2025,"SAN NICOLAS DE LOS GARZA, NL.",15,Sin Incidencias
C09411,232143,HOLIDAY INN CUERNAVACA (CVJMX),10/12/2025,TRES GUERRAS,GLZ02735382,420,13/12/2025,12/12/2025,"CUERNAVACA, MOR.",7,Sin Incidencias
C09529,232144,PRESIDENTE INTERCONTINENTAL MONTERREY,09/12/2025,ONE,JALGDL 237775,307.5,11/12/2025,15/12/2025,"SAN PEDRO GARZA GARCÍA, NL.",2,Sin Incidencias
C08624,232145,HOLIDAY INN & SUITES PUERTO VALLARTA (PVRIF),09/12/2025,TRES GUERRAS,GLZ02733410,1874.8,11/12/2025,10/12/2025,"PUERTO VALLARTA, JAL.",52,Sin Incidencias
C08527,232147,HOLIDAY INN EXPRESS & SUITES CIUDAD OBREGON (CENAR),09/12/2025,TINY PACK,GDL 42479,177.5,13/12/2025,11/12/2025,"CIUDAD OBREGON, SON.",3,Sin Incidencias
C09564,232153,INDIGO PLAYA DEL CARMEN,09/12/2025,TRES GUERRAS,GLZ02733354,445,14/12/2025,15/12/2025,"PLAYA DEL CARMEN, QR.",5,Sin Incidencias
C06539,232155,PRESIDENTE INTERCONTINENTAL POLANCO,09/12/2025,ONE,JALGDL 237780,53,11/12/2025,12/12/2025,"CIUDAD DE MEXICO, CMX.",1,Sin Incidencias
C09529,232157,PRESIDENTE INTERCONTINENTAL MONTERREY,09/12/2025,ONE,JALGDL 237769,795,11/12/2025,15/12/2025,"SAN PEDRO GARZA GARCÍA, NL.",15,Sin Incidencias
C07325,232158,HOTEL MEDRANO,09/12/2025,ONE,JALGDL 237773,307.5,11/12/2025,12/12/2025,"AGUASCALIENTES, AGS.",4,Sin Incidencias
C09529,232159,PRESIDENTE INTERCONTINENTAL MONTERREY,09/12/2025,ONE,JALGDL 237769,1060,11/12/2025,15/12/2025,"SAN PEDRO GARZA GARCÍA, NL.",20,Sin Incidencias
C04604,232160,PRESIDENTE INTERCONTINENTAL PUEBLA,09/12/2025,ONE,JALGDL 237779,866.79,11/12/2025,24/12/2025,"PUEBLA, PUE.",17,Sin Incidencias
C00816,232161,HOTEL VERTICCA,09/12/2025,TRES GUERRAS,GLZ02733380,480,11/12/2025,11/12/2025,"SANTA CRUZ TECÁMAC, MEX.",8,Sin Incidencias
CM0010,232162,AQUA MEXICO AQBO,09/12/2025,ONE,JALGDL 237774,316.55,11/12/2025,13/12/2025,"MEXICO, DF.",5,Sin Incidencias
CP0017,232166,RIU VALLARTA,09/12/2025,SANCHEZ,2838435,435.75,11/12/2025,11/12/2025,"NVO.VALLARTA, B.BANDERAS, NAY.",1,Sin Incidencias
C09328,232171,COMSAN,10/12/2025,TRES GUERRAS,GLZ02735693,3749.6,13/12/2025,11/12/2025,"MAZATLAN, SIN.",100,Sin Incidencias
C01874,232172,HOLIDAY INN EXPRESS & SUITES MONTERREY AEROPUERTO(MTYZO),09/12/2025,ONE,JALGDL 237777,820.17,11/12/2025,18/12/2025,"APODACA, NL.",16,Sin Incidencias
C06739,232173,QUALITY INN MAZATLAN (143215),09/12/2025,TINY PACK,GDL 42480,172.07,12/12/2025,11/12/2025,"MAZATLAN, SIN.",3,Sin Incidencias
C07691,232174,HOTEL MORENO,09/12/2025,TRES GUERRAS,GLZ02733414,445,11/12/2025,17/12/2025,"CIUDAD VALLES, SLP.",4,Sin Incidencias
CG0009,232175,MOTEL MISSION GUASAVE,09/12/2025,TINY PACK,GD 3458927,881.72,12/12/2025,11/12/2025,"GUASAVE, SIN.",17,Sin Incidencias
C08700,232176,AUTOHOTEL VILLAVERDE,10/12/2025,TRES GUERRAS,GLZ02735492,1068,14/12/2025,16/12/2025,"VILLAHERMOSA CENTRO, TAB.",12,Sin Incidencias
C08311,232177,AUTO HOTEL COSTA AZUL,09/12/2025,TRES GUERRAS,GLZ02733394,1780,13/12/2025,12/12/2025,"VILLAHERMOSA, TAB.",20,Sin Incidencias
C09496,232178,HOTEL PARAISO EXPRESS,09/12/2025,TRES GUERRAS,GLZ02733405,300,12/12/2025,11/12/2025,"TORREON COAHUILA, COA.",5,Sin Incidencias
C08737,232179,HAMPTON INN CIUDAD VICTORIA (CDJVC),09/12/2025,CASTORES,14270167527,2054,13/12/2025,,"VICTORIA, TAM.",26,Sin Incidencias
C08015,232180,AZUL TALAVERA,09/12/2025,TINY PACK,GD 3458930,425.52,12/12/2025,11/12/2025,"TORREON, COA.",8,Sin Incidencias
C07554,232181,CITY EXPRESS GUAYMAS (CEGYM),09/12/2025,TINY PACK,GDL 42487,135.86,12/12/2025,16/12/2025,"GUAYMAS, SON.",2,Sin Incidencias
C01770,232182,CITY EXPRESS TEPOTZOTLAN (CETPO),09/12/2025,ONE,JALGDL 237782,308.7,11/12/2025,13/12/2025,"TEPOTZOTLAN, MEX.",2,Sin Incidencias
C07215,232184,CITY SUITES ANZURES (CSANZ),09/12/2025,ONE,JALGDL 237776,308.3,11/12/2025,13/12/2025,"CIUDAD DE MEXICO, CMX.",4,Sin Incidencias
C08003,232185,MOTEL LOVE INN,09/12/2025,TRES GUERRAS,GLZ02733423,300,11/12/2025,10/12/2025,"CELAYA, GTO.",5,Sin Incidencias
C03950,232186,HOTEL ALAMEDA CENTRO HISTORICO,09/12/2025,TRES GUERRAS,GLZ02733435,1500,12/12/2025,11/12/2025,"MORELIA, MCH.",25,Sin Incidencias
C09385,232187,HOTEL ESPLENDOR BY WYNDHAM LOS MOCHIS,09/12/2025,TRES GUERRAS,GLZ02733431,2225,13/12/2025,13/12/2025,"AHOME, SIN.",25,Sin Incidencias
C08615,232188,HOLIDAY INN SANTA FE (MEXJC),09/12/2025,ONE,JALGDL 237780,1431,11/12/2025,12/12/2025,"ALVARO OBREGON, CMX.",28,Sin Incidencias
C08856,232190,COMFORT INN LOS CABOS (143191),15/12/2025,TRES GUERRAS,GLZ02742193,494.72,20/12/2025,23/12/2025,"LOS CABOS, BCS.",30,Sin Incidencias
C04370,232191,MICROTEL TOLUCA(TLUMI),09/12/2025,TRES GUERRAS,GLZ02733342,480,11/12/2025,10/12/2025,"TOLUCA, MEX.",8,Sin Incidencias
C01502,232192,MOTEL LA MANSION,09/12/2025,TINY PACK,GD 3458932,983.1,12/12/2025,11/12/2025,"TORREON, COA.",19,Sin Incidencias
C09005,232195,SAMSON WATERS,09/12/2025,SANCHEZ,2838436,407.35,11/12/2025,11/12/2025,"PUERTO VALLARTA, JAL.",5,Sin Incidencias
C08577,232196,ALBOR TAPESTRY COLLECTION BY HILTON (BJXUP),09/12/2025,TRES GUERRAS,GLZ02733347,600,12/12/2025,11/12/2025,"SAN MIGUEL DE ALLENDE, GTO.",10,Sin Incidencias
C08130,232197,HOLIDAY INN RESORT IXTAPA (ZIHHA),09/12/2025,TRES GUERRAS,GLZ02733392,9084.84,13/12/2025,10/12/2025,"ZIHUATANEJO DE AZUETA, GRO.",126,Sin Incidencias
C07216,232202,CITY SUITES QUERETARO (CSQRO),10/12/2025,ONE,JALGDL 237833,308.3,12/12/2025,11/12/2025,"QUERETARO, QUE.",1,Sin Incidencias
C08067,232204,CITY EXPRESS DE LAGOS DE MORENO (CELDM),10/12/2025,TRES GUERRAS,GLZ02735418,400,12/12/2025,15/12/2025,"LAGOS DE MORENO, JAL.",1,Sin Incidencias
C03155,232206,GARZA BLANCA LOS CABOS,12/12/2025,TRES GUERRAS,GLZ02738528,2716.77,17/12/2025,18/12/2025,"SAN JOSE DEL CABO, BCS.",8,Sin Incidencias
C08429,232207,CITY EXPRES PLUS MEXICALI (CPMXL),10/12/2025,TRES GUERRAS,GLZ02735452,222.5,15/12/2025,16/12/2025,"MEXICALI, BC.",1,Sin Incidencias
C07427,232208,INSUMOS DEL NORTE,10/12/2025,TINY PACK,GD 3458989,135.86,15/12/2025,16/12/2025,"CD JUAREZ, CHI.",8,Sin Incidencias
C08429,232210,CITY EXPRES PLUS MEXICALI (CPMXL),10/12/2025,TRES GUERRAS,GLZ02735452,222.5,15/12/2025,16/12/2025,"MEXICALI, BC.",3,Sin Incidencias
C01565,232211,FIESTA INN MONCLOVA (FIMNC),10/12/2025,TRES GUERRAS,GLZ02735403,445,14/12/2025,12/12/2025,"MONCLOVA, COA.",7,Sin Incidencias
C04964,232215,HILTON LOS CABOS (SJDGV),10/12/2025,TRES GUERRAS,GLZ02735337,4566.95,15/12/2025,15/12/2025,"SAN JOSE DEL CABO, BCS.",48,Sin Incidencias
C02270,232216,DOUBLETREE BY HILTON VERACRUZ (VERMA),10/12/2025,TRES GUERRAS,GLZ02735439,445,14/12/2025,12/12/2025,"VERACRUZ, VER.",5,Sin Incidencias
C01317,232217,COMFORT INN MONTERREY VALLE (143200),10/12/2025,ONE,JALGDL 237835,307.5,12/12/2025,17/12/2025,"SAN PEDRO GARZA GARCIA, NL.",32,Sin Incidencias
C08766,232220,HILTON MONTERREY (MTYVO),10/12/2025,ONE,JALGDL 237834,704.12,12/12/2025,12/12/2025,"MONTERREY, NL.",14,Sin Incidencias
C02087,232223,PROMASUR,10/12/2025,TRES GUERRAS,GLZ02735485,1246,14/12/2025,15/12/2025,"MERIDA, YUC.",14,Sin Incidencias
C08090,232224,HOTEL MISION PACHUCA,10/12/2025,TRES GUERRAS,GLZ02735478,1080,12/12/2025,12/12/2025,"PACHUCA DE SOTO, HID.",18,Sin Incidencias
C09593,232226,DESARROLLO INMOBILIARIO DE LOS ALTOS,10/12/2025,TRES GUERRAS,GLZ02735353,1874.8,12/12/2025,17/12/2025,"SAN JUAN DE LOS LAGOS, JAL.",46,Sin Incidencias
C08928,232229,HOLIDAY INN EXPRESS SATELITE (MEXCA),09/12/2025,ONE,JALGDL 237778,868.29,11/12/2025,13/12/2025,"NAUCALPAN DE JUAREZ, DF2.",17,Sin Incidencias
C08529,232230,HOLIDAY INN EXPRESS GUAYMAS (GYMSO),10/12/2025,TRES GUERRAS,GLZ02735318,1691,13/12/2025,12/12/2025,"GUAYMAS, SON.",19,Sin Incidencias
C06518,232231,HOLIDAY INN CHILPANCINGO (ACAGO),10/12/2025,TRES GUERRAS,GLZ02735364,1335,14/12/2025,13/12/2025,"CHILPANCINGO, GRO.",15,Sin Incidencias
C06539,232237,PRESIDENTE INTERCONTINENTAL POLANCO,10/12/2025,ONE,JALGDL 237826,2279,12/12/2025,12/12/2025,"CIUDAD DE MEXICO, CMX.",43,Sin Incidencias
C06539,232238,PRESIDENTE INTERCONTINENTAL POLANCO,10/12/2025,ONE,JALGDL 237826,2120,12/12/2025,12/12/2025,"CIUDAD DE MEXICO, CMX.",40,Sin Incidencias
C04913,232239,PRESIDENTE INTERCONTINENTAL COZUMEL,10/12/2025,TRES GUERRAS,GLZ02735286,2136,20/12/2025,15/12/2025,"COZUMEL, QR.",24,Sin Incidencias
C04913,232241,PRESIDENTE INTERCONTINENTAL COZUMEL,10/12/2025,TRES GUERRAS,GLZ02735286,356,20/12/2025,15/12/2025,"COZUMEL, QR.",4,Sin Incidencias
C04913,232242,PRESIDENTE INTERCONTINENTAL COZUMEL,10/12/2025,TRES GUERRAS,GLZ02735286,1691,20/12/2025,15/12/2025,"COZUMEL, QR.",19,Sin Incidencias
C08080,232243,PRESIDENTE INTERCONTINENTAL CANCUN,10/12/2025,TRES GUERRAS,GLZ02735389,445,15/12/2025,15/12/2025,"CANCUN, QR.",5,Sin Incidencias
C08080,232244,PRESIDENTE INTERCONTINENTAL CANCUN,10/12/2025,TRES GUERRAS,GLZ02735389,890,15/12/2025,15/12/2025,"CANCUN, QR.",10,Sin Incidencias
C08080,232245,PRESIDENTE INTERCONTINENTAL CANCUN,10/12/2025,TRES GUERRAS,GLZ02735389,890,15/12/2025,15/12/2025,"CANCUN, QR.",10,Sin Incidencias
C04297,232246,CASA INN BUSINESS HOTEL CELAYA GALERIAS,10/12/2025,TRES GUERRAS,GLZ02735374,420,12/12/2025,11/12/2025,"CELAYA, GTO.",7,Sin Incidencias
C07380,232247,HOTEL CAROLINA,12/12/2025,FLETES DE REGRESO,119433G,490,17/12/2025,17/12/2025,"CHETUMAL, OTHON BLANCO, QR.",4,Sin Incidencias
C08856,232250,COMFORT INN LOS CABOS (143191),10/12/2025,TRES GUERRAS,GLZ02735290,2277.2,15/12/2025,13/12/2025,"LOS CABOS, BCS.",20,Sin Incidencias
C04844,232252,HAMPTON INN QUERETARO(QROHT),10/12/2025,ONE,JALGDL 237827,856,12/12/2025,11/12/2025,"QUERETARO, QUE.",11,Sin Incidencias
C03626,232254,HOTEL TRUEBA,10/12/2025,TRES GUERRAS,GLZ02736078,1310,14/12/2025,13/12/2025,"ORIZABA, VER.",15,Sin Incidencias
C07762,232255,CITY EXPRESS CABORCA (CECAB),10/12/2025,TINY PACK,GD 3458990,831.03,14/12/2025,16/12/2025,"CABORCA, SON.",16,Sin Incidencias
C08800,232256,STAYBRIDGE SALTILLO (SLWGP),10/12/2025,TINY PACK,GD 3458991,526.9,13/12/2025,17/12/2025,"SALTILLO, COA.",10,Sin Incidencias
C09591,232259,ECONO EXPRESS HOTEL,10/12/2025,ONE,JALGDL 237837,1953,12/12/2025,17/12/2025,"ALC. BENITO JUAREZ, CMX.",357,Sin Incidencias
C08624,232261,HOLIDAY INN & SUITES PUERTO VALLARTA (PVRIF),10/12/2025,SANCHEZ,2838639,652.71,12/12/2025,12/12/2025,"PUERTO VALLARTA, JAL.",11,Sin Incidencias
C09268,232264,HAMPTON INN QUERETARO JURIQUILLA,10/12/2025,ONE,JALGDL 237828,315,12/12/2025,11/12/2025,"QUERETARO, QUE.",6,Sin Incidencias
C08134,232266,VILLAS DEL PALMAR LOS CABOS,10/12/2025,TRES GUERRAS,GLZ02735296,1138.6,15/12/2025,13/12/2025,"CABO SAN LUCAS, BCS.",72,Sin Incidencias
C01317,232267,COMFORT INN MONTERREY VALLE (143200),10/12/2025,ONE,JALGDL 237830,1309,12/12/2025,18/12/2025,"SAN PEDRO GARZA GARCIA, NL.",26,Sin Incidencias
C07384,232268,CITY EXPRESS TLALPAN (CETLA),10/12/2025,ONE,JALGDL 237829,1312,12/12/2025,16/12/2025,"MEXICO, CMX.",26,Sin Incidencias
C03079,232269,HOTEL EL PARAISO MINERAL DEL CHICO,11/12/2025,TRES GUERRAS,GLZ02736023,480,14/12/2025,17/12/2025,"Pachuca, HID.",8,Sin Incidencias
C04297,232270,CASA INN BUSINESS HOTEL CELAYA GALERIAS,10/12/2025,TRES GUERRAS,GLZ02735429,480,12/12/2025,15/12/2025,"CELAYA, GTO.",8,Sin Incidencias
C08457,232271,COMERCIALIZADORA SAM,10/12/2025,ONE,JALGDL 237831,307.9,13/12/2025,17/12/2025,"SAN NICOLAS DE LOS GARZA, NL.",1,Sin Incidencias
C08229,232272,HOTEL BOKETTO,10/12/2025,TRES GUERRAS,GLZ02735501,445,14/12/2025,12/12/2025,"TUXPAN, VER.",2,Sin Incidencias
C02037,232274,HOTEL REAL POSADA,10/12/2025,TRES GUERRAS,GLZ02735508,780,12/12/2025,11/12/2025,"Manzanillo, COL.",13,Sin Incidencias
C01722,232276,CITY EXPRESS MEXICALI (CEMXL),10/12/2025,TRES GUERRAS,GLZ02735304,1513,15/12/2025,16/12/2025,"MEXICALI, BC.",17,Sin Incidencias
C06133,232278,BEST WESTERN SANTORINI,12/12/2025,CASTORES,14270167915,1422,16/12/2025,,"VICTORIA, TAM.",18,Sin Incidencias
C07505,232280,CITY EXPRESS CHIHUAHUA (CECHI),10/12/2025,TRES GUERRAS,GLZ02735310,1157,15/12/2025,15/12/2025,"CHIHUAHUA, CHI.",13,Sin Incidencias
C08613,232281,YUCATAN COUNTRY CLUB,10/12/2025,TRES GUERRAS,GLZ02735399,1335,14/12/2025,15/12/2025,"MERIDA, YUC.",15,Sin Incidencias
C00620,232282,HOTEL RIO TEQUISQUIAPAN,10/12/2025,TRES GUERRAS,GLZ02735472,480,12/12/2025,15/12/2025,"TEQUISQUIAPAN, QUE.",8,Sin Incidencias
C08080,232283,PRESIDENTE INTERCONTINENTAL CANCUN,10/12/2025,TRES GUERRAS,GLZ02735276,3560,15/12/2025,15/12/2025,"CANCUN, QR.",40,Sin Incidencias
C04321,232284,ONE MONCLOVA (1MNCN),10/12/2025,TRES GUERRAS,GLZ02735424,445,14/12/2025,12/12/2025,"MONCLOVA, COA.",2,Sin Incidencias
C05472,232285,FIESTA AMERICANA REFORMA  FARF,10/12/2025,ONE,JALGDL 237832,307.9,12/12/2025,12/12/2025,"MEXICO, DF.",4,Sin Incidencias
C08275,232286,HILTON MEXICO CITY REFORMA (MEXRF),10/12/2025,ONE,JALGDL 237836,1949,12/12/2025,12/12/2025,"DELEGACION CUAUHTEMOC, CMX.",38,Sin Incidencias
C01774,232287,HOTEL STORE PUERTO VALLARTA,10/12/2025,SANCHEZ,2838637,1642.26,12/12/2025,12/12/2025,"BAHIA DE BANDERAS, NAY.",2,Sin Incidencias
C05726,232288,WYNDHAM GARDEN MONTERREY VALLE REAL(MTYVR),12/12/2025,ONE,JALGDL 237881,907.23,14/12/2025,15/12/2025,"MONTERREY, NL.",10,Sin Incidencias
C09589,232292,FLOR Y CANTO HOTEL,11/12/2025,TRES GUERRAS,GLZ02738049,400,15/12/2025,16/12/2025,"MATEHUALA, SLP.",2,Sin Incidencias
C09220,232293,ONE CD JUAREZ,12/12/2025,TRES GUERRAS,GLZ02738563,2814.81,17/12/2025,16/12/2025,"CD. JUAREZ, CHI.",32,Sin Incidencias
C07020,232295,ENCORE AGUASCALIENTES A0191473,12/12/2025,TRES GUERRAS,GLZ02737883,300,14/12/2025,12/12/2025,"AGUASCALIENTES, AGS.",5,Sin Incidencias
C08997,232303,MARCOS ALFREDO RAMOS SANDOVAL,11/12/2025,TINY PACK,GD 3459176,177.5,16/12/2025,18/12/2025,"DELICIAS, CHI.",3,Sin Incidencias
C09582,232304,WYNDHAM GARDEN SALTILLO,11/12/2025,TINY PACK,GD 3459171,7832.4,14/12/2025,16/12/2025,"SALTILLO, COA.",285,Sin Incidencias
C06901,232309,BLUE BAY GRAND ESMERALDA,12/12/2025,TRES GUERRAS,GLZ02738550,3892.58,17/12/2025,15/12/2025,"SOLIDARIDAD, QR.",90,Sin Incidencias
C09463,232317,INDIGO PLAYA DEL CARMEN,12/12/2025,TRES GUERRAS,GLZ02737902,1246,17/12/2025,15/12/2025,"PLAYA DEL CARMEN, QR.",14,Sin Incidencias
C09463,232319,INDIGO PLAYA DEL CARMEN,12/12/2025,TRES GUERRAS,GLZ02737902,1068,17/12/2025,15/12/2025,"PLAYA DEL CARMEN, QR.",12,Sin Incidencias
C09463,232320,INDIGO PLAYA DEL CARMEN,12/12/2025,TRES GUERRAS,GLZ02737902,350,17/12/2025,15/12/2025,"PLAYA DEL CARMEN, QR.",166,Sin Incidencias
C00003,232322,PRODUCTOS QUIMICOS Y DE LIMPIEZA DEL NORTE,12/12/2025,CORRECAMINOS,GDL49462,1794.65,17/12/2025,17/12/2025,"DELICIAS, CHI.",8,Sin Incidencias
C09328,232325,COMSAN,12/12/2025,CASTORES,14270167917,1817,16/12/2025,,"PUERTO PEÑASCO, SON.",23,Sin Incidencias
C08350,232330,GARDEN INN PUEBLA (PBCGI),11/12/2025,TRES GUERRAS,GLZ02737857,360,13/12/2025,15/12/2025,"SAN ANDRES, PUE.",6,Sin Incidencias
C00464,232331,QUALITY INN CD OBREGON (143212),11/12/2025,TINY PACK,GDL 42845,780.34,15/12/2025,13/12/2025,"CIUDAD OBREGON, SON.",15,Sin Incidencias
C04135,232333,HOTEL VICTORIA,11/12/2025,TRES GUERRAS,GLZ02737939,519.6,16/12/2025,16/12/2025,"CD. CONSTITUCION, BCS.",3,Sin Incidencias
C01566,232335,CHN CENTRO,12/12/2025,ONE,JALGDL 237879,753.35,14/12/2025,16/12/2025,"MONTERREY, NL.",15,Sin Incidencias
C00137,232336,HOLIDAY INN MONCLOVA (LOVMX),11/12/2025,TRES GUERRAS,GLZ02737891,588,15/12/2025,15/12/2025,"MONCLOVA, COA.",7,Sin Incidencias
C00137,232337,HOLIDAY INN MONCLOVA (LOVMX),12/12/2025,TRES GUERRAS,GLZ02737891,168,16/12/2025,15/12/2025,"MONCLOVA, COA.",2,Sin Incidencias
C08017,232338,GYAPHARMA,11/12/2025,TINY PACK,GDL 42847,526.9,13/12/2025,12/12/2025,"TEPIC, NAY.",10,Sin Incidencias
C02054,232341,HOLIDAY INN URUAPAN (UPNMX),12/12/2025,TRES GUERRAS,GLZ02737898,1020,15/12/2025,15/12/2025,"URUAPAN, MCH.",17,Sin Incidencias
C03389,232342,WYNDHAM GARDEN AEROPUERTO,12/12/2025,ONE,JALGDL 237876,1165.23,14/12/2025,23/12/2025,"APODACA, NL.",23,Sin Incidencias
C07278,232343,CITY EXPRESS QUERETARO (CEQRO),11/12/2025,TRES GUERRAS,GLZ02737880,720,13/12/2025,12/12/2025,"QUERETARO, QUE.",12,Sin Incidencias
C07317,232344,CITY EXPRESS LA PAZ (CELAP),11/12/2025,TRES GUERRAS,GLZ02737874,1594.04,16/12/2025,16/12/2025,"LA PAZ, BCS.",14,Sin Incidencias
C02295,232345,CITY EXPRESS MINATITLAN (CEMTT),11/12/2025,TRES GUERRAS,GLZ02737868,1424,15/12/2025,15/12/2025,"MINATITLAN, VER.",16,Sin Incidencias
C05806,232349,HOTEL REAL 1900,11/12/2025,TRES GUERRAS,GLZ02737943,1513,14/12/2025,15/12/2025,"IGUALA DE LA INDEPENDENCIA, GRO.",17,Sin Incidencias
C01005,232350,RAMADA PLAZA LEON,12/12/2025,TRES GUERRAS,GLZ02737877,480,14/12/2025,16/12/2025,"LEON, GTO.",8,Sin Incidencias
C04552,232351,HOLIDAY INN EXPRESS & SUITES QUERETARO (MQERG),11/12/2025,TRES GUERRAS,GLZ02737895,720,13/12/2025,15/12/2025,"QUERETARO, QUE.",12,Sin Incidencias
C00335,232352,HOTEL Y MOTEL EL DORADO,12/12/2025,TRES GUERRAS,GLZ02738003,1869,15/12/2025,19/12/2025,"LOS MOCHIS, SIN.",21,Sin Incidencias
C00240,232353,HOTEL VICTORIA,11/12/2025,TRES GUERRAS,GLZ02737931,445,15/12/2025,13/12/2025,"POZA RICA, VER.",2,Sin Incidencias
C07441,232354,HOTEL JF GRAND,12/12/2025,ONE,JALGDL 237889,477,14/12/2025,13/12/2025,"PUEBLA, PUE.",9,Sin Incidencias
C07441,232355,HOTEL JF GRAND,12/12/2025,ONE,JALGDL 237889,53,14/12/2025,13/12/2025,"PUEBLA, PUE.",3,Sin Incidencias
C08464,232357,GARDEN INN BOCA DEL RIO VERACRUZ (VERBR),11/12/2025,TRES GUERRAS,GLZ02737888,801,15/12/2025,15/12/2025,"BOCA DEL RIO VERACRUZ, VER.",9,Sin Incidencias
C02378,232358,HOTEL MI RANCHITO,15/12/2025,TIBSA,D955742,531,19/12/2025,19/12/2025,"XICOTEPEC DE JUAREZ, PUE.",10,Sin Incidencias
C02413,232359,CITY EXPRESS TORREON (CETRC),11/12/2025,TINY PACK,GD 3459174,729.66,14/12/2025,16/12/2025,"TORREON, COA.",14,Sin Incidencias
C08543,232361,HAMPTON INN SAN LUIS POTOSI,12/12/2025,ONE,JALGDL 237878,1162.13,14/12/2025,17/12/2025,"SAN LUIS POTOSI, SLP.",23,Sin Incidencias
C08863,232365,MONTERREY LIVING,12/12/2025,ONE,JALGDL 237914,1014.46,14/12/2025,18/12/2025,"MONTERREY, NL.",20,Sin Incidencias
CLIESP,232366,VENTAS DE MOSTRADOR,19/12/2025,FLETES DE REGRESO,119803G,480,21/12/2025,21/12/2025,"GUADALAJARA, JAL.",3,Sin Incidencias
C07723,232367,MOTEL BALI,15/12/2025,CASTORES,14270168182,1501,18/12/2025,,"CADEREYTA, NL.",19,Sin Incidencias
C09586,232368,PROYECTO G2,12/12/2025,ONE,JALGDL 237913,409.56,14/12/2025,16/12/2025,"NAULPAN DE JUAREZ, MEX.",8,Sin Incidencias
C07156,232369,CITY EXPRESS OAXACA (CEOAX),11/12/2025,TRES GUERRAS,GLZ02737864,1691,14/12/2025,16/12/2025,"OAXACA DE JUAREZ, OAX.",19,Sin Incidencias
C02643,232370,HOTELES VIRREYES,12/12/2025,TRES GUERRAS,GLZ02739195,780,14/12/2025,18/12/2025,"TEPATITLAN, JAL.",13,Sin Incidencias
C00472,232374,HOLIDAY INN MORELIA A0200839 (MLMFO),12/12/2025,TRES GUERRAS,GLZ02739119,1200,15/12/2025,19/12/2025,"MORELIA, MCH.",20,Sin Incidencias
C07957,232375,ENCORE MONTERREY,12/12/2025,ONE,JALGDL 237911,705,15/12/2025,18/12/2025,"CIUDAD APODACA, NL.",14,Sin Incidencias
C05818,232376,RAMADA ENCORE PUEBLA A0191476,15/12/2025,TRES GUERRAS,GLZ02739112,360,17/12/2025,15/12/2025,"CORONANGO, PUE.",6,Sin Incidencias
C09206,232377,HOTEL MONTETAXCO,12/12/2025,TRES GUERRAS,GLZ02739169,660,16/12/2025,15/12/2025,"TAXCO DE ALARCON, GRO.",11,Sin Incidencias
C01774,232382,HOTEL STORE PUERTO VALLARTA,12/12/2025,SANCHEZ,2839289,7200,14/12/2025,14/12/2025,"BAHIA DE BANDERAS, NAY.",180,Sin Incidencias
C00128,232383,HOTEL MANSION DEL CUPATITZIO,13/12/2025,TRES GUERRAS,GLZ02739495,400,16/12/2025,16/12/2025,"URUAPAN, MCH.",3,Sin Incidencias
C04065,232385,HOTEL CAMINO DE PIEDRA,12/12/2025,TRES GUERRAS,GLZ02739181,480,14/12/2025,15/12/2025,"GUANAJUATO, GTO.",8,Sin Incidencias
C06507,232386,HOTEL BEST WESTERN PLUS GRAN MARQUES,12/12/2025,TRES GUERRAS,GLZ02739186,300,14/12/2025,15/12/2025,"TOLUCA, DF2.",5,Sin Incidencias
C09590,232387,HOTEL LAS CUMBRES GUACHOCHI,13/12/2025,TRES GUERRAS,GLZ02739940,712,17/12/2025,20/12/2025,"GUACHOCHI, CHI.",8,Sin Incidencias
C01770,232388,CITY EXPRESS TEPOTZOTLAN (CETPO),12/12/2025,ONE,JALGDL 237915,308.7,14/12/2025,16/12/2025,"TEPOTZOTLAN, MEX.",2,Sin Incidencias
C08778,232389,MOTEL BARCELONA,12/12/2025,TRES GUERRAS,GLZ02739164,270,14/12/2025,15/12/2025,"TEPIC, NAY.",5,Sin Incidencias
C08778,232390,MOTEL BARCELONA,12/12/2025,TRES GUERRAS,GLZ02739164,108,14/12/2025,15/12/2025,"TEPIC, NAY.",2,Sin Incidencias
C04173,232391,HOTEL BELLO VERACRUZ,17/12/2025,TRES GUERRAS,GLZ02746893,1869,21/12/2025,22/12/2025,"BOCA DEL RIO, VER.",21,Sin Incidencias
C08457,232392,COMERCIALIZADORA SAM,12/12/2025,ONE,JALGDL 237916,307.47,15/12/2025,17/12/2025,"SAN NICOLAS DE LOS GARZA, NL.",1,Sin Incidencias
C07295,232393,KARINA MIREYA MONARREZ AVILEZ,15/12/2025,KORA,GT734051,294,17/12/2025,17/12/2025,"SANTA MARIA DEL ORO, NAY.",3,Sin Incidencias
C01783,232395,MG COMERCIALIZADORA,12/12/2025,TRES GUERRAS,GLZ02739090,3749.6,15/12/2025,13/12/2025,"MAZATLAN, SIN.",99,Sin Incidencias
C07439,232396,HOTEL AMOR Y PAZ,12/12/2025,TRES GUERRAS,GLZ02739148,300,16/12/2025,19/12/2025,"MATEHUALA, SLP.",5,Sin Incidencias
C07578,232397,MARTIN ALCARAZ GASTELUM,12/12/2025,TRES GUERRAS,GLZ02739239,445,17/12/2025,18/12/2025,"CHIHUAHUA, CHI.",5,Sin Incidencias
C00668,232398,HOLIDAY INN MERIDA (MIDMX),13/12/2025,TRES GUERRAS,GLZ02739492,445,17/12/2025,18/12/2025,"MERIDA, YUC.",2,Sin Incidencias
C08449,232399,COURTYARD LOS LAGOS SAN LUIS POTOSI A0153234,12/12/2025,TRES GUERRAS,GLZ02739100,600,14/12/2025,16/12/2025,"SAN LUIS POTOSI, SLP.",10,Sin Incidencias
C02370,232400,PUEBLA ARCANGEL,12/12/2025,ONE,JALGDL 237912,316,14/12/2025,15/12/2025,"PUEBLA, PUE.",5,Sin Incidencias
C08562,232401,HAMPTON INN DOWNTOWN AGUASCALIENTES (AGUMX),12/12/2025,TRES GUERRAS,GLZ02739127,400,14/12/2025,13/12/2025,"AGUASCALIENTES, AGS.",4,Sin Incidencias
C08540,232402,HAMPTON INN MERIDA (MIDHX),12/12/2025,FLETES DE REGRESO,119543G,840,16/12/2025,16/12/2025,"MERIDA, YUC.",14,Sin Incidencias
C04260,232405,ENCORE SAN LUIS A0191479,12/12/2025,TRES GUERRAS,GLZ02739107,400.02,14/12/2025,13/12/2025,"SAN LUIS POTOSI, SLP.",3,Sin Incidencias
C01825,232408,HOTEL MESON ECO,12/12/2025,TRES GUERRAS,GLZ02739198,1020,14/12/2025,13/12/2025,"ZAMORA, MCH.",17,Sin Incidencias
C05942,232409,HAMPTON INN SALTILLO(SLWHA),12/12/2025,TINY PACK,GD 3459348,2301.03,15/12/2025,17/12/2025,"SALTILLO, COA.",45,Sin Incidencias
C08871,232410,HOLIDAY INN EXPRESS & SUITES PUEBLA ANGELOPOLIS  (PUEAN),12/12/2025,TRES GUERRAS,GLZ02739069,2040,14/12/2025,15/12/2025,"SAN ANDRES CHOLULA, PUE.",34,Sin Incidencias
C04593,232411,HOLIDAY INN EXPRESS TOLUCA TOLLOCAN (TLUDR),12/12/2025,TRES GUERRAS,GLZ02739084,480,14/12/2025,13/12/2025,"Toluca de Lerdo, MEX.",8,Sin Incidencias
CF0058,232412,REAL INN MEXICALI,12/12/2025,TRES GUERRAS,GLZ02739063,890,17/12/2025,19/12/2025,"MEXICALI, BC.",10,Sin Incidencias
C00112,232413,HOLIDAY INN EXPRESS MORELIA (MLMRA) A0200840,12/12/2025,TRES GUERRAS,GLZ02739057,420,15/12/2025,19/12/2025,"MORELIA, MCH.",7,Sin Incidencias
C01046,232414,HOTEL QUINTA LAS FLORES,12/12/2025,TRES GUERRAS,GLZ02739154,360,15/12/2025,15/12/2025,"CUERNAVACA, MOR.",6,Sin Incidencias
C00699,232416,HOTEL PANORAMA,12/12/2025,ONE,JALGDL 237910,408.78,14/12/2025,16/12/2025,"SAN LUIS POTOSI, SLP.",8,Sin Incidencias
C06605,232417,FAIRFIELD MARRIOT NOGALES A0097801,12/12/2025,TINY PACK,GD 3459345,628.28,15/12/2025,16/12/2025,"NOGALES, SON.",12,Sin Incidencias
C02600,232418,HOLIDAY INN TUXPAN (PAZTU),12/12/2025,TRES GUERRAS,GLZ02739075,534,16/12/2025,15/12/2025,"TUXPAN, VER.",6,Sin Incidencias
C08708,232419,HOTEL LIZBETH,12/12/2025,TRES GUERRAS,GLZ02739175,400,15/12/2025,17/12/2025,"TULA DE ALLENDE, HID.",2,Sin Incidencias
C08297,232420,GARDEN INN SILAO AEROPUERTO (BJXBA),15/12/2025,TRES GUERRAS,GLZ02742076,1874.8,17/12/2025,17/12/2025,"SILAO, GTO.",55,Sin Incidencias
C05844,232421,HOLIDAY INN EXPRESS SAN JERONIMO(MILENIUM) (MTYSJ),15/12/2025,ONE,JALGDL 237967,606.43,17/12/2025,18/12/2025,"MONTERREY, NL.",12,Sin Incidencias
C02352,232422,LA QUINTA POZA RICA,15/12/2025,TRES GUERRAS,GLZ02742285,1246,19/12/2025,19/12/2025,"POZA RICA, VER.",14,Sin Incidencias
C08883,232423,VOCO PUEBLA (PBCPL),15/12/2025,TRES GUERRAS,GLZ02741820,300,17/12/2025,22/12/2025,"PUEBLA, PUE.",5,Sin Incidencias
C02080,232425,HOTEL PLAZA,15/12/2025,TRES GUERRAS,GLZ02742142,2520,19/12/2025,16/12/2025,"RIO VERDE, SLP.",42,Sin Incidencias
C07203,232426,CITY EXPRESS HERMOSILLO (CEHMO),15/12/2025,TINY PACK,GDL 43339,135.86,18/12/2025,17/12/2025,"HERMOSILLO, SON.",1,Sin Incidencias
C08599,232427,HOTEL CASA AZULAI PUEBLA,15/12/2025,TRES GUERRAS,GLZ02742152,400,17/12/2025,17/12/2025,"PUEBLA, PUE.",4,Sin Incidencias
C03092,232428,HOTEL LUCERNA MEXICALI,15/12/2025,TRES GUERRAS,GLZ02742271,445,20/12/2025,19/12/2025,"MEXICALI, BC.",5,Sin Incidencias
C03204,232429,HOTEL VILLA MEXICANA ZIHUATANEJO,15/12/2025,TRES GUERRAS,GLZ02742405,445,20/12/2025,16/12/2025,"ZIHUATANEJO, GRO.",5,Sin Incidencias
C05965,232431,HILTON MEXICO CITY AIRPORT,15/12/2025,ONE,JALGDL 237969,1065,17/12/2025,18/12/2025,"MEXICO, CMX.",21,Sin Incidencias
C07134,232433,HOLIDAY INN TLAXCALA (PBCAX),15/12/2025,TRES GUERRAS,GLZ02742255,540,19/12/2025,17/12/2025,"YAUHQUEMEHCAN, TLA.",9,Sin Incidencias
C01774,232436,HOTEL STORE PUERTO VALLARTA,12/12/2025,SANCHEZ,2839289,640,14/12/2025,14/12/2025,"BAHIA DE BANDERAS, NAY.",16,Sin Incidencias
C01326,232438,COMFORT INN CORDOBA (143195),15/12/2025,TRES GUERRAS,GLZ02742202,445,19/12/2025,16/12/2025,"CORDOBA, VER.",5,Sin Incidencias
C08695,232439,HAMPTON INN CIUDAD DEL CARMEN (CMEMX),15/12/2025,TRES GUERRAS,GLZ02742264,712,18/12/2025,18/12/2025,"CIUDAD DEL CARMEN, CAM.",8,Sin Incidencias
C07310,232440,HOTEL NOBU LOS CABOS (KTRC Hotel Nobu Los Cabos),15/12/2025,TRES GUERRAS,GLZ02742268,569.3,20/12/2025,22/12/2025,"CABO SAN LUCAS, BCS.",5,Sin Incidencias
C08539,232442,CITY EXPRESS MONTERREY UNIVERSIDAD (CEMTS),15/12/2025,ONE,JALGDL 237966,307.5,17/12/2025,18/12/2025,"MONTERREY, NL.",1,Sin Incidencias
C09071,232443,REAL INN SAN LUIS POTOSI,15/12/2025,TRES GUERRAS,GLZ02742244,1080,17/12/2025,16/12/2025,"SAN LUIS POTOSI, SLP.",18,Sin Incidencias
C08464,232444,GARDEN INN BOCA DEL RIO VERACRUZ (VERBR),15/12/2025,TRES GUERRAS,GLZ02742235,2670,19/12/2025,17/12/2025,"BOCA DEL RIO VERACRUZ, VER.",30,Sin Incidencias
C07623,232447,CASAGO LA PAZ,15/12/2025,TRES GUERRAS,GLZ02742294,544.44,20/12/2025,19/12/2025,"LA PAZ, BCS.",4,Sin Incidencias
C09573,232449,FIESTA INN OAXACA (FIOAX),15/12/2025,TRES GUERRAS,GLZ02742188,445,18/12/2025,17/12/2025,"OAXACA, OAX.",2000,Sin Incidencias
C01774,232450,HOTEL STORE PUERTO VALLARTA,16/12/2025,SANCHEZ,2839289,40,18/12/2025,18/12/2025,"BAHIA DE BANDERAS, NAY.",1,Sin Incidencias
C00667,232457,HOLIDAY INN QUERETARO CENTRO HISTORICO A0223804 (MQEMX),16/12/2025,ONE,JALGDL 238033,308.3,18/12/2025,17/12/2025,"SANTIAGO DE QUERETARO, QUE.",1,Sin Incidencias
C05352,232458,RESORTS BY PINNACLE,16/12/2025,SANCHEZ,2839288,277,18/12/2025,18/12/2025,"PUERTO VALLARTA, JAL.",6,Sin Incidencias
C09020,232464,HILTON QUERETARO,16/12/2025,ONE,JALGDL 238031,315,18/12/2025,19/12/2025,"QUERETARO, QUE.",6,Sin Incidencias
C08368,232465,HOTEL VILLA ESMERALDA,17/12/2025,CASTORES,14270168354,711,21/12/2025,,"SAN JUAN BAUTISTA TUXTEPEC, OAX.",9,Sin Incidencias
C03465,232466,HOLIDAY INN ORIZABA (VEROZ),16/12/2025,TRES GUERRAS,GLZ02744653,445,20/12/2025,17/12/2025,"ORIZABA, VER.",5,Sin Incidencias
C08450,232470,MOTEL AMORE MIO,16/12/2025,TINY PACK,GDL 43520,324.14,18/12/2025,19/12/2025,"TEPIC, NAY.",6,Sin Incidencias
C07262,232471,CITY EXPRESS MONTERREY LINDAVISTA (CEMTL),16/12/2025,ONE,JALGDL 238029,359.56,18/12/2025,22/12/2025,"GUADALUPE, NL.",130,Sin Incidencias
C07242,232473,CITY EXPRESS SALAMANCA (CESLM),16/12/2025,TRES GUERRAS,GLZ02744691,400,18/12/2025,17/12/2025,"SALAMANCA, GTO.",1,Sin Incidencias
C01762,232484,DISTRIBUIDORA JOFA,16/12/2025,TRES GUERRAS,GLZ02744647,15570.32,21/12/2025,22/12/2025,"TIJUANA, BC.",248,Sin Incidencias
C08899,232485,HOTEL HB,16/12/2025,TRES GUERRAS,GLZ02744608,1513,20/12/2025,17/12/2025,"CORDOBA, VER.",17,Sin Incidencias
C07380,232487,HOTEL CAROLINA,16/12/2025,FLETES DE REGRESO,119605G,490,21/12/2025,21/12/2025,"CHETUMAL, OTHON BLANCO, QR.",4,Sin Incidencias
C09598,232489,CASA ALTATA HOTEL BOUTIQUE,16/12/2025,ONE,JALGDL 238027,507,18/12/2025,24/12/2025,"CUAHTEMOC, MEX.",10,Sin Incidencias
C03224,232491,LORETO BAY CASAGO,16/12/2025,TRES GUERRAS,GLZ02744599,519.6,21/12/2025,23/12/2025,"LORETO, BCS.",3,Sin Incidencias
C05813,232496,SLEEP INN MONTERREY SAN PEDRO (143233),16/12/2025,ONE,JALGDL 238025,477,18/12/2025,23/12/2025,"MONTERREY, NL.",9,Sin Incidencias
C05813,232497,SLEEP INN MONTERREY SAN PEDRO (143233),16/12/2025,ONE,JALGDL 238025,54,18/12/2025,23/12/2025,"MONTERREY, NL.",15,Sin Incidencias
C01294,232498,COMFORT INN TAMPICO (143207),16/12/2025,TRES GUERRAS,GLZ02744640,1560,18/12/2025,22/12/2025,"TAMPICO, TAM.",26,Sin Incidencias
C01294,232499,COMFORT INN TAMPICO (143207),16/12/2025,TRES GUERRAS,GLZ02744640,84,18/12/2025,22/12/2025,"TAMPICO, TAM.",12,Sin Incidencias
C00637,232501,REAL MOTEL,16/12/2025,TAMAZULA,GDL36891,537.2,19/12/2025,19/12/2025,"TECOMAN, COL.",4,Sin Incidencias
C04157,232502,HOTEL POSADA SAN MARTIN,16/12/2025,TRES GUERRAS,GLZ02744635,890,21/12/2025,29/12/2025,"ENSENADA, BC.",10,Sin Incidencias
C04472,232504,HOLIDAY INN HUATULCO (HUXHI),16/12/2025,TRES GUERRAS,GLZ02744684,1068,21/12/2025,22/12/2025,"SANTA MARIA HUATULCO, OAX.",12,Sin Incidencias
C08020,232505,HOTEL MELANIE,16/12/2025,TRES GUERRAS,GLZ02744627,420,18/12/2025,17/12/2025,"TEPIC, NAY.",7,Sin Incidencias
C03302,232506,ONE IRAPUATO (1IRTE),16/12/2025,TRES GUERRAS,GLZ02744700,400,18/12/2025,17/12/2025,"IRAPUATO, GTO.",2,Sin Incidencias
C08464,232507,GARDEN INN BOCA DEL RIO VERACRUZ (VERBR),16/12/2025,TRES GUERRAS,GLZ02744664,534,20/12/2025,18/12/2025,"BOCA DEL RIO VERACRUZ, VER.",6,Sin Incidencias
C09108,232511,HOTEL VILLA DEL CONQUISTADOR,16/12/2025,TRES GUERRAS,GLZ02744624,420,19/12/2025,26/12/2025,"CUERNAVACA, MOR.",7,Sin Incidencias
CG0012,232518,NEO BUSINESS HOTEL,17/12/2025,SINALOA EXPRESS,GD1374142,0,20/12/2025,20/12/2025,"CULIACAN, SIN.",9,Sin Incidencias
C07211,232519,CITY EXPRESS CIUDAD VICTORIA (CECVM),17/12/2025,CASTORES,14270168353,1343,21/12/2025,,"VICTORIA, TAM.",17,Sin Incidencias
C05489,232521,FIESTA INN INSURGENTES VIADUCTO (FIINS),16/12/2025,ONE,JALGDL 238032,316.55,18/12/2025,18/12/2025,"MEXICO, DF.",5,Sin Incidencias
C05160,232522,HOTEL REAL TABASCO,16/12/2025,FLETES DE REGRESO,GLZ02744582,3028.28,20/12/2025,20/12/2025,"VILLAHERMOSA, TAB.",43,Sin Incidencias
C04459,232524,WIM HOTEL,16/12/2025,TRES GUERRAS,GLZ02744616,890,20/12/2025,19/12/2025,"CAMARGO, CHI.",10,Sin Incidencias
C08781,232526,INDIGO LA PAZ (LAPGO),16/12/2025,TRES GUERRAS,GLZ02744659,5123.7,21/12/2025,19/12/2025,"LA PAZ, BCS.",45,Sin Incidencias
C07181,232527,CITY EXPRESS PLUS MONTERREY GALERIAS  (CPMSJ),16/12/2025,ONE,JALGDL 238034,308.3,18/12/2025,,"MONTERREY, NL.",1,Sin Incidencias
C08075,232528,VENTAS MOSTRADOR PLAYA,19/12/2025,FLETES DE REGRESO,119845G,252,24/12/2025,24/12/2025,"SOLIDARIDAD, QR.",3,Sin Incidencias
C07962,232529,COMFORT INN DELICIAS (143196),19/12/2025,TRES GUERRAS,GLZ02751166,1068,24/12/2025,22/12/2025,"DELICIAS, CHI.",12,Sin Incidencias
C05965,232530,HILTON MEXICO CITY AIRPORT,17/12/2025,ONE,JALGDL 238109,360,19/12/2025,22/12/2025,"MEXICO, CMX.",7,Sin Incidencias
C08934,232532,HOTEL ST GEORGE,17/12/2025,TRES GUERRAS,GLZ02746874,400,19/12/2025,18/12/2025,"TEQUISQUIAPAN, QUE.",1,Sin Incidencias
C09297,232534,HOTEL LA TARJEA,17/12/2025,TRES GUERRAS,GLZ02746883,400.02,21/12/2025,19/12/2025,"MATEHUALA, SLP.",3,Sin Incidencias
C02400,232537,CASA INN PREMIUM HOTEL QUERETARO,17/12/2025,TRES GUERRAS,GLZ02746888,900,20/12/2025,18/12/2025,"EL MARQUES, QUE.",15,Sin Incidencias
C08576,232538,HOLIDAY INN CIUDAD DE MEXICO TRADE CENTER A0206024 (MEXTC),17/12/2025,ONE,JALGDL 238108,656,19/12/2025,19/12/2025,"CIUDAD DE MEXICO, CMX.",13,Sin Incidencias
C02213,232541,MOTEL PARADISE DE NAVOLATO,19/12/2025,SINALOA EXPRESS,GD1374585,1536.07,23/12/2025,23/12/2025,"NAVOLATO, SIN.",25,Sin Incidencias
C05991,232543,VN HOTEL,18/12/2025,ONE,JALGDL 238106,316,20/12/2025,20/12/2025,"MONTERREY, NL.",5,Sin Incidencias
C02081,232544,EMPORIO ZACATECAS,17/12/2025,TRES GUERRAS,GLZ02746848,360,20/12/2025,18/12/2025,"ZACATECAS, ZAC.",6,Sin Incidencias
CG0029,232545,HOTEL HACIENDA DEL ROBLE,17/12/2025,TRES GUERRAS,GLZ02746856,480,19/12/2025,19/12/2025,"AGUASCALIENTES, AGS.",8,Sin Incidencias
C09328,232546,COMSAN,17/12/2025,CASTORES,14270168371,5100,21/12/2025,,"PUERTO PEÑASCO, SON.",51,Sin Incidencias
C05930,232548,HAMPTON INN HERMOSILLO( HMORS),17/12/2025,TINY PACK,GDL 43770,729.66,20/12/2025,20/12/2025,"HERMOSILLO, SON.",14,Sin Incidencias
C08164,232549,VILLAS DEL PALMAR FLAMINGOS,19/12/2025,SANCHEZ,2839504,413.42,21/12/2025,21/12/2025,"NUEVO VALLARTA, NAY.",6,Sin Incidencias
C08350,232550,GARDEN INN PUEBLA (PBCGI),17/12/2025,TRES GUERRAS,GLZ02746780,400,19/12/2025,19/12/2025,"SAN ANDRES, PUE.",4,Sin Incidencias
C06508,232551,AUTO HOTEL LOS PORTALES 2,17/12/2025,TRES GUERRAS,GLZ02746836,400,20/12/2025,19/12/2025,"TECOMAN, COL.",4,Sin Incidencias
C07738,232555,XINU,18/12/2025,TRES GUERRAS,GLZ02749323,1304,20/12/2025,22/12/2025,"CIUDAD DE MEXICO, CMX.",103,Sin Incidencias
C07738,232557,XINU,18/12/2025,TRES GUERRAS,GLZ02749323,570.04,20/12/2025,22/12/2025,"CIUDAD DE MEXICO, CMX.",45,Sin Incidencias
C01585,232558,FIESTA INN VERACRUZ BOCA DEL RIO (FIVZP),18/12/2025,TRES GUERRAS,GLZ02749122,248,22/12/2025,20/12/2025,"BOCA DEL RIO, VER.",2,Sin Incidencias
CG0024,232560,FARMASES,17/12/2025,ONE,JALGDL 238105,10314,19/12/2025,22/12/2025,"MONTERREY, NL.",340,Sin Incidencias
C09328,232564,COMSAN,17/12/2025,TRES GUERRAS,GLZ02747062,3028.28,20/12/2025,22/12/2025,"HERMOSILLO, SON.",58,Sin Incidencias
C01381,232565,CROWNE PLAZA TLALNEPANTLA (MEXLM),17/12/2025,ONE,JALGDL 238104,53,19/12/2025,19/12/2025,"TLALNEPANTLA, MEX.",50,Sin Incidencias
C08508,232566,HAMPTON INN IRAPUATO,17/12/2025,TRES GUERRAS,GLZ02747065,840,19/12/2025,18/12/2025,"IRAPUATO, GTO.",14,Sin Incidencias
C07831,232567,SUNSCAPE IXTAPA (SUDIX) A0099163,17/12/2025,TRES GUERRAS,GLZ02747067,445,22/12/2025,18/12/2025,"ZIHUATANEJO, GRO.",20,Sin Incidencias
C09604,232568,CITY EXPRESS PLUS MAZATLAN (CPMZT),17/12/2025,TINY PACK,GDL 43771,729.66,20/12/2025,18/12/2025,"SINALOA, SIN.",14,Sin Incidencias
C08131,232569,HOLIDAY INN & SUITES AGUASCALIENTES (AGUGP),17/12/2025,TRES GUERRAS,GLZ02747033,660,19/12/2025,18/12/2025,"AGUASCALIENTES, AGS.",11,Sin Incidencias
C05532,232570,FAIRFIELD INN & SUITES BY MARRIOTT QUERETARO JURIQUILLA A0095892,17/12/2025,TRES GUERRAS,GLZ02747058,420,19/12/2025,18/12/2025,"JURIQUILLA, QUE.",8,Sin Incidencias
C04732,232574,SUITES VILLA FLORIDA VERACRUZ,17/12/2025,TRES GUERRAS,GLZ02747031,6920.85,21/12/2025,19/12/2025,"BOCA DEL RIO, VER.",175,Sin Incidencias
C09407,232578,HOLIDAY INN EXPRESS MEXICO,17/12/2025,ONE,JALGDL 238103,704.87,19/12/2025,19/12/2025,"CUAUHTEMOC, CMX.",14,Sin Incidencias
C06965,232579,CONCIERGE PLAZA LA VILLA,17/12/2025,TRES GUERRAS,GLZ02746814,720,19/12/2025,29/12/2025,"COLIMA, COL.",12,Sin Incidencias
C09331,232580,HOTEL PLAZA DE ORO,17/12/2025,ONE,JALGDL 238107,817,19/12/2025,22/12/2025,"MONTERREY, NL.",16,Sin Incidencias
C04568,232581,PALMAS HOTEL & SPA,17/12/2025,TRES GUERRAS,GLZ02746910,720,21/12/2025,27/12/2025,"IXMIQUILPAN, HID.",12,Sin Incidencias
C07197,232583,CITY EXPRESS CELAYA GALERIAS (CECEG),17/12/2025,TRES GUERRAS,GLZ02747049,400,19/12/2025,31/12/2025,"CELAYA, GTO.",2,Sin Incidencias
C07258,232584,CITY EXPRESS ALTAMIRA (CEALT),17/12/2025,TRES GUERRAS,GLZ02746986,400,20/12/2025,20/12/2025,"ALTAMIRA, TAM.",4,Sin Incidencias
C01919,232585,HOTEL SAN CARLOS HERMANOS,17/12/2025,TRES GUERRAS,GLZ02747012,420,19/12/2025,19/12/2025,"TAMPICO, TAM.",7,Sin Incidencias
C08179,232586,CITY JUNIOR CENTRO DE CONVENCIONES (CJLEO),17/12/2025,TRES GUERRAS,GLZ02747016,960,19/12/2025,20/12/2025,"LEON, GTO.",16,Sin Incidencias
C07423,232587,CITY EXPRESS TAPACHULA (CETAP),17/12/2025,TRES GUERRAS,GLZ02747019,890,22/12/2025,19/12/2025,"TAPACHULA, CHS.",10,Sin Incidencias
C08137,232588,CITY PLUS LEON CENTRO DE CONVENCIONES (CPLEO),17/12/2025,TRES GUERRAS,GLZ02747023,1380,19/12/2025,20/12/2025,"LEON, GTO.",23,Sin Incidencias
C08952,232589,FATO HOTEL,17/12/2025,TRES GUERRAS,GLZ02746827,400,19/12/2025,18/12/2025,"QUERETARO, QUE.",4,Sin Incidencias
C08586,232590,HAMPTON INN CIUDAD JUAREZ (CDJMX),17/12/2025,TRES GUERRAS,GLZ02747026,2314,22/12/2025,19/12/2025,"JUAREZ, CHI.",26,Sin Incidencias
C01381,232592,CROWNE PLAZA TLALNEPANTLA (MEXLM),17/12/2025,ONE,JALGDL 238104,742,19/12/2025,19/12/2025,"TLALNEPANTLA, MEX.",14,Sin Incidencias
C09265,232593,MARAKAME,19/12/2025,SANCHEZ,2839567,382.82,21/12/2025,21/12/2025,"BAHIA DE BANDERAS, NAY.",8,Sin Incidencias
C05605,232601,ONE PUEBLA SERDAN (1PUSR),18/12/2025,ONE,JALGDL 238169,307,20/12/2025,22/12/2025,"PUEBLA, PUE.",10,Sin Incidencias
C03922,232604,HOTEL SAN JOAQUIN,18/12/2025,TRES GUERRAS,GLZ02749239,720,20/12/2025,12/12/2025,"COLIMA, COL.",3,Sin Incidencias
C05496,232605,FIESTA AMERICANA VILLAS ACAPULCO (FACA),18/12/2025,TRES GUERRAS,GLZ02749161,445,22/12/2025,20/12/2025,"ACAPULCO, GRO.",8000,Sin Incidencias
C06650,232606,FIESTA AMERICANA HACIENDA GALINDO (FAHG),18/12/2025,TRES GUERRAS,GLZ02749155,400,20/12/2025,19/12/2025,"SAN JUAN DEL RIO, QUE.",3,Sin Incidencias
C06727,232607,HAVEN RESORTS,19/12/2025,FLETES DE REGRESO,119845G,84,24/12/2025,24/12/2025,"BENITO JUAREZ, QR.",12,Sin Incidencias
C06965,232608,CONCIERGE PLAZA LA VILLA,19/12/2025,TRES GUERRAS,GLZ02750057,720,21/12/2025,23/12/2025,"COLIMA, COL.",12,Sin Incidencias
C09514,232609,PALMAR BEACH BAHIA PETEMPICH,19/12/2025,FLETES DE REGRESO,119845G,1000,24/12/2025,24/12/2025,"PUERTO MORELOS, QR.",1,Sin Incidencias
C03618,232611,NIZUC RESORT & SPA,19/12/2025,FLETES DE REGRESO,119845G,4800,24/12/2025,24/12/2025,"CANCUN BENITO JUAREZ, QR.",5,Sin Incidencias
C02549,232614,RAMADA BY WYNDHAM CANCUN,19/12/2025,FLETES DE REGRESO,119845G,168,24/12/2025,24/12/2025,"CANCUN, QR.",2,Sin Incidencias
C07266,232615,CITY EXPRESS VERACRUZ (CEVER),18/12/2025,TRES GUERRAS,GLZ02749149,1691,22/12/2025,20/12/2025,"BOCA DEL RIO, VER.",19,Sin Incidencias
C03616,232616,BAHIA PRINCIPE,19/12/2025,FLETES DE REGRESO,119845G,3192,24/12/2025,24/12/2025,"TULUM, QR.",58,Sin Incidencias
C08550,232617,TRYP BY WYNDHAM CHETUMAL,19/12/2025,FLETES DE REGRESO,119790G,900,24/12/2025,24/12/2025,"CHETUMAL, QR.",15,Sin Incidencias
C02574,232620,HOTEL AEROPUERTO MORELIA,18/12/2025,TRES GUERRAS,GLZ02749130,720,20/12/2025,24/12/2025,"MUNICIPIO ALVARO OBREGON, MCH.",12,Sin Incidencias
CF0002,232625,HOLIDAY INN EXPRESS TOLUCA GALERIAS METEPEC (TLUME),18/12/2025,TRES GUERRAS,GLZ02749271,600,20/12/2025,19/12/2025,"METEPEC, MEX.",10,Sin Incidencias
C07627,232627,CITY EXPRESS PLUS SAN LUIS POTOSI (CPSLP),18/12/2025,TRES GUERRAS,GLZ02749145,960,20/12/2025,19/12/2025,"SAN LUIS POTOSI, SLP.",16,Sin Incidencias
C08697,232630,SUNSCAPE CANCUN,19/12/2025,FLETES DE REGRESO,119845G,420,24/12/2025,24/12/2025,"CANCUN, QR.",5,Sin Incidencias
C01381,232631,CROWNE PLAZA TLALNEPANTLA (MEXLM),17/12/2025,ONE,JALGDL 238104,106,19/12/2025,19/12/2025,"TLALNEPANTLA, MEX.",2,Sin Incidencias
C09332,232632,HOTEL FLORES DE SAL,19/12/2025,TRES GUERRAS,GLZ02750063,445,24/12/2025,30/12/2025,"ENSENADA, BC.",5,Sin Incidencias
C07304,232633,CITY EXPRESS MONTERREY AEROPUERTO (CEMTA),18/12/2025,ONE,JALGDL 238159,869,20/12/2025,23/12/2025,"APODACA, NL.",17,Sin Incidencias
C00667,232636,HOLIDAY INN QUERETARO CENTRO HISTORICO A0223804 (MQEMX),18/12/2025,ONE,JALGDL 238170,308,20/12/2025,19/12/2025,"SANTIAGO DE QUERETARO, QUE.",3,Sin Incidencias
C05222,232637,HAMPTON INN VILLAHERMOSA (VSATA),18/12/2025,TRES GUERRAS,GLZ02749169,979,22/12/2025,22/12/2025,"VILLAHERMOSA, TAB.",11,Sin Incidencias
CG0024,232638,FARMASES,18/12/2025,ONE,JALGDL 238158,1014,20/12/2025,22/12/2025,"MONTERREY, NL.",20,Sin Incidencias
C02482,232639,PACIFICA RESORTS IXTAPA,18/12/2025,TRES GUERRAS,GLZ02749177,6056.56,22/12/2025,19/12/2025,"IXTAPA ZIHUATANEJO, GRO.",95,Sin Incidencias
C06539,232641,PRESIDENTE INTERCONTINENTAL POLANCO,18/12/2025,ONE,JALGDL 238165,1411,20/12/2025,22/12/2025,"CIUDAD DE MEXICO, CMX.",28,Sin Incidencias
C07235,232642,CITY EXPRESS MONTERREY NORTE (CEMTN),18/12/2025,ONE,JALGDL 238157,820,20/12/2025,26/12/2025,"APODACA, NL.",16,Sin Incidencias
C03580,232643,HOTEL NUVO,18/12/2025,TRES GUERRAS,GLZ02749516,400.02,21/12/2025,20/12/2025,"SALTILLO, COA.",3,Sin Incidencias
C07494,232644,CITY EXPRESS PLUS TAMPICO (CPTAM),18/12/2025,TRES GUERRAS,GLZ02749185,1140,20/12/2025,23/12/2025,"TAMPICO, TAM.",19,Sin Incidencias
C07609,232646,CITY EXPRESS CHETUMAL (CECTM),19/12/2025,FLETES DE REGRESO,119788G,600,24/12/2025,24/12/2025,"CHETUMAL, QR.",10,Sin Incidencias
C07268,232648,CITY EXPRESS GUSTAVO BAZ (CEBAZ),18/12/2025,ONE,JALGDL 238154,530,20/12/2025,22/12/2025,"TLANEPANTLA, MEX.",10,Sin Incidencias
C07268,232649,CITY EXPRESS GUSTAVO BAZ (CEBAZ),18/12/2025,ONE,JALGDL 238154,265,20/12/2025,22/12/2025,"TLANEPANTLA, MEX.",5,Sin Incidencias
C01819,232650,HOLIDAY INN EXPRESS OAXACA CENTRO HISTORICO (OACMX),18/12/2025,TRES GUERRAS,GLZ02749290,445,21/12/2025,22/12/2025,"OAXACA, OAX.",2,Sin Incidencias
C07234,232658,CITY JUNIOR CIUDAD DEL CARMEN (CJCME),18/12/2025,TRES GUERRAS,GLZ02749262,890,22/12/2025,22/12/2025,"CARMEN, CAM.",10,Sin Incidencias
C07418,232659,CITY EXPRESS PLUS INTERLOMAS (CPINT),18/12/2025,ONE,JALGDL 238160,316,20/12/2025,30/12/2025,"HUIXQUILUCAN, CMX.",6,Sin Incidencias
C03820,232665,HOTEL MINA REAL,18/12/2025,TRES GUERRAS,GLZ02749217,480,22/12/2025,19/12/2025,"MATEHUALA, SLP.",8,Sin Incidencias
C08539,232668,CITY EXPRESS MONTERREY UNIVERSIDAD (CEMTS),18/12/2025,ONE,JALGDL 238166,1162,20/12/2025,20/12/2025,"MONTERREY, NL.",23,Sin Incidencias
C03782,232669,HOTEL ZENITH TEHUACAN PUEBLA,19/12/2025,TRES GUERRAS,GLZ02751082,1691,22/12/2025,22/12/2025,"TEHUACAN, PUE.",19,Sin Incidencias
C08017,232670,GYAPHARMA,19/12/2025,TRES GUERRAS,GLZ02750070,400,21/12/2025,20/12/2025,"TEPIC, NAY.",4,Sin Incidencias
C07717,232674,HOLIDAY INN QUERETARO ZONA DIAMANTE (MQEBC),18/12/2025,TRES GUERRAS,GLZ02749282,1800,20/12/2025,19/12/2025,"QUERETARO, QUE.",30,Sin Incidencias
C03485,232675,COURTYARD MARRIOTT SAN JERONIMO 9392Y,18/12/2025,ONE,JALGDL 238171,315,20/12/2025,20/12/2025,"MONTERREY, NL.",5,Sin Incidencias
C06381,232676,COURTYARD MARRIOT MEXICO CITY TOREO A0096790,18/12/2025,ONE,JALGDL 238164,315,20/12/2025,22/12/2025,"NAUCALPAN DE JUAREZ, MEX.",6,Sin Incidencias
C06394,232677,COURTYARD CHIHUAHUA(CUUCY) A0096789,18/12/2025,TRES GUERRAS,GLZ02749278,445,23/12/2025,26/12/2025,"CHIHUAHUA, CHI.",6,Sin Incidencias
C08995,232678,WYNDHAM MONTERREY CENTRO,18/12/2025,ONE,JALGDL 238167,1309,20/12/2025,22/12/2025,"MONTERREY, NL.",26,Sin Incidencias
C01585,232680,FIESTA INN VERACRUZ BOCA DEL RIO (FIVZP),18/12/2025,TRES GUERRAS,GLZ02749122,149,22/12/2025,20/12/2025,"BOCA DEL RIO, VER.",1,Sin Incidencias
C04187,232681,GAMMA PALENQUE NUTUTUN,19/12/2025,FLETES DE REGRESO,119832G,2700,24/12/2025,24/12/2025,"PALENQUE, CHS.",12,Sin Incidencias
C08160,232682,MOTEL SCALA,18/12/2025,ONE,JALGDL 238156,689,21/12/2025,23/12/2025,"GENERAL ESCOBEDO, NL.",13,Sin Incidencias
C08160,232683,MOTEL SCALA,18/12/2025,ONE,JALGDL 238156,53,21/12/2025,23/12/2025,"GENERAL ESCOBEDO, NL.",2,Sin Incidencias
C08128,232684,HOLIDAY INN EXPRESS MONTERREY FUNDIDORA (MTYFU),18/12/2025,ONE,JALGDL 238168,307.5,20/12/2025,22/12/2025,"MONTERREY, NL.",4,Sin Incidencias
C07241,232685,CITY EXPRESS MATAMOROS (CEMAT),20/12/2025,CASTORES,14270168763,1659,24/12/2025,,"MATAMOROS, TAM.",21,Sin Incidencias
C06315,232686,CHILENO BAY RESORT AND RESIDENCES(CBBR),18/12/2025,TRES GUERRAS,GLZ02749343,519.6,23/12/2025,24/12/2025,"LOS CABOS, BCS.",3,Sin Incidencias
C09328,232687,COMSAN,19/12/2025,CASTORES,0,0,04/01/1900,,"PUERTO PEÑASCO, SON.",10,Sin Incidencias
C08866,232689,CURIO A COLLECTION BY HILTON THE FIVES DOWNTOWN HOTEL & RESIDENCES (CUNCU),19/12/2025,FLETES DE REGRESO,119845G,164,24/12/2025,24/12/2025,"PLAYA DEL CARMEN, QR.",2,Sin Incidencias
C09328,232690,COMSAN,19/12/2025,CASTORES,0,0,04/01/1900,,"PUERTO PEÑASCO, SON.",3,Sin Incidencias
C08498,232694,GARDEN INN LEON POLIFORUM (BJXAD),19/12/2025,ONE,JALGDL 238229,605.68,21/12/2025,20/12/2025,"LEON, GTO.",12,Sin Incidencias
C05050,232696,HOTEL SURF OLAS ALTAS,19/12/2025,CASTORES,0,0,04/01/1900,,"BRISAS DE ZICATELA, OAX.",22,Sin Incidencias
C08821,232697,DOUBLETREE TOLUCA (TLCTL),19/12/2025,TRES GUERRAS,GLZ02751178,300,21/12/2025,23/12/2025,"TOLUCA, MEX.",5,Sin Incidencias
C03858,232698,HOTEL POSADA INN,19/12/2025,TRES GUERRAS,GLZ02751171,720,21/12/2025,26/12/2025,"LAGOS DE MORENO, JAL.",12,Sin Incidencias
C03626,232699,HOTEL TRUEBA,19/12/2025,TRES GUERRAS,GLZ02751534,1335,23/12/2025,22/12/2025,"ORIZABA, VER.",15,Sin Incidencias
C08111,232700,HOTEL AUTENTICO,19/12/2025,ONE,JALGDL 238197,307.6,21/12/2025,,"SAN PEDRO GARZA GARCIA, NL.",1,Cliente comenta que no pidio nada
C06540,232707,SUNVIVIA,19/12/2025,TINY PACK,GDL 44133,670,22/12/2025,23/12/2025,"MAZATLAN, SIN.",11,Sin Incidencias
C06540,232708,SUNVIVIA,19/12/2025,TINY PACK,GDL 44103,324.14,22/12/2025,23/12/2025,"MAZATLAN, SIN.",6,Sin Incidencias
C02198,232712,HOTEL SAN LUIS,19/12/2025,TINY PACK,GDL 44129,425.52,22/12/2025,22/12/2025,"CULIACAN, SIN.",8,Sin Incidencias
C07209,232714,CITY JUNIOR MEXICALI (CJMXL),19/12/2025,TRES GUERRAS,GLZ02751187,890,24/12/2025,23/12/2025,"MEXICALI, BC.",10,Sin Incidencias
C07318,232715,CITY EXPRESS LOS MOCHIS (CELMM),19/12/2025,TINY PACK,GDL 44132,526.9,22/12/2025,23/12/2025,"LOS MOCHIS, SIN.",10,Sin Incidencias
C07245,232716,CITY EXPRESS TUXPAN (CETXP),19/12/2025,TRES GUERRAS,GLZ02751246,1513,23/12/2025,23/12/2025,"TUXPAN, VER.",17,Sin Incidencias
C09428,232717,INSUMOS DE LIMPIEZA E HIGIENE,19/12/2025,TRES GUERRAS,GLZ02751256,3028.28,23/12/2025,23/12/2025,"TUXTLA GUTIERREZ, CHS.",50,Sin Incidencias
C07525,232718,HACIENDA SANTO CRISTO,20/12/2025,TRES GUERRAS,GLZ02751734,300,23/12/2025,22/12/2025,"ATLIXCO, PUE.",3,Sin Incidencias
C07525,232719,HACIENDA SANTO CRISTO,19/12/2025,TRES GUERRAS,GLZ02751734,100,22/12/2025,22/12/2025,"ATLIXCO, PUE.",1,Sin Incidencias
C09392,232720,MIKALLI PROPERTY MANAGEMENT,19/12/2025,SANCHEZ,2839994,374.42,21/12/2025,21/12/2025,"BAHIA DE BANDERAS, NAY.",4,Sin Incidencias
C09485,232721,GARDEN INN MEXICO POLANCO,19/12/2025,ONE,JALGDL 238199,508.78,21/12/2025,22/12/2025,"MIGUEL HIDALGO, CMX.",10,Sin Incidencias
C07235,232722,CITY EXPRESS MONTERREY NORTE (CEMTN),19/12/2025,ONE,JALGDL 238198,705.67,21/12/2025,26/12/2025,"APODACA, NL.",14,Sin Incidencias
CF0032,232723,WYNDHAM GARDEN CIUDAD OBREGON,16/12/2025,TINY PACK,GDL 44108,510.4,20/12/2025,24/12/2025,"CIUDAD OBREGON, SON.",8,Sin Incidencias
C02491,232724,CROWNE PLAZA LEON A0155975 (BJXCP),19/12/2025,TRES GUERRAS,GLZ02751198,600,21/12/2025,26/12/2025,"LEON, GTO.",10,Sin Incidencias
C07221,232725,CITY JUNIOR TIJUANA OTAY (CJTIO),19/12/2025,TRES GUERRAS,GLZ02751250,1068,24/12/2025,23/12/2025,"TIJUANA, BC.",12,Sin Incidencias
C07427,232726,INSUMOS DEL NORTE,19/12/2025,TRES GUERRAS,GLZ02751193,445,24/12/2025,22/12/2025,"CD JUAREZ, CHI.",1,Sin Incidencias
C09054,232727,ULIV,19/12/2025,ONE,JALGDL 238196,307.9,21/12/2025,23/12/2025,"CUAUHTEMOC CDMX, CMX.",1,Sin Incidencias
C09054,232728,ULIV,19/12/2025,ONE,JALGDL 238195,307.9,21/12/2025,,"CUAUHTEMOC, CMX.",100,Sin Incidencias
C06660,232739,MICROTEL SAN LUIS,20/12/2025,TRES GUERRAS,GLZ02752058,600,22/12/2025,22/12/2025,"SAN LUIS POTOSI, SLP.",10,Sin Incidencias
C07454,232740,MICROTEL IRAPUATO (A0191470),20/12/2025,TRES GUERRAS,GLZ02752047,540,22/12/2025,22/12/2025,"IRAPUATO, GTO.",9,Sin Incidencias
C07020,232741,ENCORE AGUASCALIENTES A0191473,20/12/2025,TRES GUERRAS,GLZ02752043,540,22/12/2025,22/12/2025,"AGUASCALIENTES, AGS.",9,Sin Incidencias
C04260,232742,ENCORE SAN LUIS A0191479,20/12/2025,TRES GUERRAS,GLZ02752050,600,22/12/2025,22/12/2025,"SAN LUIS POTOSI, SLP.",10,Sin Incidencias
C05818,232744,RAMADA ENCORE PUEBLA A0191476,20/12/2025,TRES GUERRAS,GLZ02752030,300,22/12/2025,22/12/2025,"CORONANGO, PUE.",5,Sin Incidencias
C09052,232745,RADISSON PUEBLA ANGELOPOLIS (145137),20/12/2025,TRES GUERRAS,GLZ02752021,660,22/12/2025,29/12/2025,"PUEBLA, PUE.",10,Sin Incidencias
C09052,232746,RADISSON PUEBLA ANGELOPOLIS (145137),20/12/2025,TRES GUERRAS,GLZ02752021,60,22/12/2025,29/12/2025,"PUEBLA, PUE.",7,Sin Incidencias
C07287,232750,CITY EXPRESS PUEBLA CENTRO (CEPUE),20/12/2025,TRES GUERRAS,GLZ02752039,600,22/12/2025,23/12/2025,"PUEBLA, PUE.",10,Sin Incidencias
C02250,232752,HOTEL LA VID,20/12/2025,TRES GUERRAS,GLZ02751982,900,22/12/2025,22/12/2025,"AGUASCALIENTES, AGS.",15,Sin Incidencias
C08997,232753,MARCOS ALFREDO RAMOS SANDOVAL,22/12/2025,TRES GUERRAS,GLZ02753609,445,27/12/2025,24/12/2025,"DELICIAS, CHI.",2,Sin Incidencias
C07957,232754,ENCORE MONTERREY,20/12/2025,TRES GUERRAS,GLZ02752065,623,23/12/2025,23/12/2025,"CIUDAD APODACA, NL.",7,Sin Incidencias
C08976,232755,HOTEL OPUS GRAND,20/12/2025,TRES GUERRAS,GLZ02752012,420,22/12/2025,22/12/2025,"TOLUCA, DF2.",8,Sin Incidencias
C03047,232756,HOTEL NUBE,20/12/2025,TRES GUERRAS,GLZ02752009,400,22/12/2025,23/12/2025,"PUEBLA, PUE.",4,Sin Incidencias
C07188,232757,CITY EXPRESS LEON (CELEO),20/12/2025,TRES GUERRAS,GLZ02752025,540,22/12/2025,26/12/2025,"LEON, GTO.",9,Sin Incidencias
C05558,232828,IBEROSTAR PUNTA MITA,05/01/2026,SANCHEZ,,,07/01/2026,,"BAHIA DE BANDERAS, NAY.",1,Sin Incidencias
C03030,232830,FIESTA INN AGUASCALIENTES PATIO  (FIAGP),05/01/2026,TRES  GUERRAS,,,07/01/2026,,"AGUASCALIENTES, AGS.",1,Sin Incidencias
C06778,232831,FIESTA INN MERIDA FIMER2,05/01/2026,TRES  GUERRAS,,,09/01/2026,,"MERIDA, YUC.",1,Sin Incidencias
C05498,232832,FIESTA AMERICANA EXPLOREAN KOHUNLICH EXKO,05/01/2026,CASTORES,,,09/01/2026,,"CHETUMAL, QR.",1,Sin Incidencias
C07427,232833,INSUMOS DEL NORTE,05/01/2026,TRES  GUERRAS,,,09/01/2026,,"CD JUAREZ, CHI.",1,Sin Incidencias
C04404,232834,FIESTA AMERICANA MERIDA FAMD,05/01/2026,TRES  GUERRAS,,,09/01/2026,,"MERIDA, YUC.",1,Sin Incidencias
C05494,232835,FIESTA INN INSURGENTES SUR (FITIN),05/01/2026,EXXPREZO,,,07/01/2026,,"MEXICO, DF.",2,Sin Incidencias
C06736,232836,FIESTA INN PLAZA CENTRAL  (FIPLC2),05/01/2026,EXXPREZO,,,07/01/2026,,"CIUDAD DE MEXICO, CMX.",4,Sin Incidencias
C05486,232837,FIESTA INN MEXICO CENTRO HISTORICO  (FICEN),05/01/2026,EXXPREZO,,,07/01/2026,,"MEXICO, DF.",11,Sin Incidencias
C06778,232838,FIESTA INN MERIDA FIMER2,05/01/2026,TRES  GUERRAS,,,09/01/2026,,"MERIDA, YUC.",4,Sin Incidencias
C04479,232839,FIESTA INN CUERNAVACA (FICUE),05/01/2026,TRES  GUERRAS,,,08/01/2026,,"CUERNAVACA, MOR.",3,Sin Incidencias
C05485,232840,FIESTA INN AEROPUERTO FIAPT,05/01/2026,EXXPREZO,,,07/01/2026,,"MEXICO, DF.",2,Sin Incidencias
C01553,232841,FIESTA INN PERINORTE (FIPER),05/01/2026,EXXPREZO,,,07/01/2026,,"TULTITLAN, MEX.",1,Sin Incidencias
C05936,232842,FIESTA INN PUERTO VALLARTA LA ISLA (FIPVT),05/01/2026,TRES  GUERRAS,,,07/01/2026,,"PUERTO VALLARTA, JAL.",4,Sin Incidencias
